Segment,Customer Name
Consumer,Claire Gute
Corporate,Darrin Van Huff
Consumer,Sean O'Donnell
Consumer,Brosina Hoffman
Consumer,Andrew Allen
Consumer,Irene Maddox
Home Office,Harold Pawlan
Consumer,Pete Kriz
Consumer,Alejandro Grove
Consumer,Zuschuss Donatelli
Corporate,Ken Black
Consumer,Sandra Flanagan
Consumer,Emily Burns
Consumer,Eric Hoffmann
Consumer,Tracy Blumstein
Home Office,Matt Abelman
Corporate,Gene Hale
Home Office,Steve Nguyen
Corporate,Linda Cazamias
Corporate,Ruben Ausman
Corporate,Erin Smith
Corporate,Odella Nelson
Consumer,Patrick O'Donnell
Consumer,Lena Hernandez
Consumer,Darren Powers
Corporate,Janet Molinari
Consumer,Ted Butterfield
Consumer,Kunst Miller
Home Office,Paul Stevenson
Corporate,Brendan Sweed
Consumer,Karen Daniels
Consumer,Henry MacAllister
Consumer,Joel Eaton
Corporate,Ken Brennan
Corporate,Stewart Carmichael
Consumer,Duane Noonan
Corporate,Julie Creighton
Home Office,Christopher Schild
Consumer,Paul Gonzalez
Home Office,Gary Mitchum
Corporate,Jim Sink
Consumer,Karl Braun
Home Office,Roger Barcio
Home Office,Parhena Norris
Consumer,Katherine Ducich
Corporate,Elpida Rittenbach
Home Office,Rick Bensley
Consumer,Gary Zandusky
Consumer,Lena Cacioppo
Consumer,Janet Martin
Home Office,Pete Armstrong
Corporate,Cynthia Voltz
Consumer,Clay Ludtke
Consumer,Ryan Crowe
Consumer,Dave Kipp
Corporate,Greg Guthrie
Consumer,Steven Cartwright
Home Office,Alan Dominguez
Consumer,Philip Fox
Consumer,Troy Staebel
Home Office,Lindsay Shagiari
Corporate,Dorothy Wardle
Consumer,Lena Creighton
Corporate,Jonathan Doherty
Corporate,Sally Hughsby
Consumer,Sandra Glassco
Consumer,Helen Andreada
Home Office,Maureen Gastineau
Corporate,Justin Ellison
Home Office,Tamara Willingham
Corporate,Stephanie Phelps
Home Office,Neil Knudson
Consumer,Dave Brooks
Consumer,Nora Paige
Consumer,Ted Trevino
Consumer,Eric Murdock
Consumer,Ruben Dartt
Consumer,Max Jones
Consumer,Becky Martin
Consumer,Chad Sievert
Corporate,Jennifer Braxton
Consumer,Shirley Jackson
Home Office,Jim Kriz
Corporate,David Kendrick
Home Office,Robert Marley
Consumer,Sally Knutson
Home Office,Frank Merwin
Corporate,Alice McCarthy
Home Office,Mark Packer
Corporate,Mary Zewe
Consumer,Cassandra Brandow
Home Office,Valerie Mitchum
Corporate,Fred Hopkins
Consumer,Maria Bertelson
Consumer,Bruce Stewart
Consumer,Logan Currie
Corporate,Heather Kirkland
Consumer,Laurel Elliston
Consumer,Joseph Holt
Corporate,Michael Stewart
Corporate,Victoria Wilson
Consumer,Jonathan Howell
Consumer,Joni Blumstein
Corporate,David Smith
Consumer,Valerie Dominguez
Corporate,Erin Ashbrook
Corporate,David Bremer
Consumer,Ken Lonsdale
Home Office,Dianna Wilson
Consumer,Logan Haushalter
Consumer,Kelly Collister
Consumer,Delfina Latchford
Corporate,Dan Reichenbach
Consumer,Craig Carreira
Corporate,Dorris liebe
Corporate,Sean Braxton
Consumer,Roy Collins
Consumer,Alan Hwang
Corporate,Claudia Bergmann
Corporate,Christine Abelman
Corporate,Kristen Hastings
Corporate,Barry Blumstein
Corporate,Andrew Gjertsen
Consumer,Jas O'Carroll
Corporate,Alan Haines
Home Office,Nick Zandusky
Corporate,Kelly Lampkin
Corporate,Alan Schoenberger
Home Office,Corey Roper
Consumer,Shahid Hopkins
Corporate,Ben Peterman
Corporate,Thomas Seio
Corporate,Andy Gerbode
Corporate,Sung Pak
Home Office,Nathan Mautz
Corporate,Frank Atkinson
Corporate,Grace Kelly
Corporate,Don Jones
Consumer,Patrick O'Brill
Consumer,John Lucas
Consumer,Doug Bickford
Corporate,Alyssa Crouse
Consumer,Clay Cheatham
Consumer,Tamara Dahlen
Home Office,Adam Bellavance
Consumer,Jeremy Lonsdale
Corporate,Victoria Brennan
Consumer,Katrina Willman
Consumer,Julia Dunbar
Corporate,Michael Kennedy
Consumer,Guy Thornton
Consumer,Arthur Gainer
Corporate,Muhammed MacIntyre
Corporate,Allen Rosenblatt
Consumer,Russell Applegate
Corporate,Alejandro Savely
Corporate,Laura Armstrong
Consumer,Denny Ordway
Corporate,Dean Katz
Consumer,Nathan Gelder
Consumer,Mike Vittorini
Consumer,Jack Garza
Corporate,Bart Pistole
Home Office,Victor Preis
Corporate,Saphhira Shifley
Consumer,Anna Gayman
Consumer,Luke Foster
Consumer,Roy Französisch
Consumer,Keith Herrera
Corporate,Kimberly Carter
Consumer,Caroline Jumper
Consumer,Philip Brown
Corporate,Michael Paige
Consumer,Natalie Fritzler
Home Office,Shirley Daniels
Corporate,Ken Heidel
Home Office,Ross Baird
Consumer,Mike Kennedy
Home Office,Philisse Overcash
Corporate,Brenda Bowman
Consumer,Troy Blackwell
Consumer,Raymond Buch
Corporate,Ed Braxton
Consumer,Sanjit Chand
Home Office,Tanja Norvell
Home Office,Joni Sundaresam
Corporate,Maya Herman
Consumer,Jeremy Pistek
Consumer,Jeremy Ellison
Corporate,John Grady
Consumer,Xylona Preis
Consumer,Erin Mull
Home Office,Michelle Tran
Consumer,Sue Ann Reed
Home Office,Carl Weiss
Consumer,Astrea Jones
Consumer,Sonia Sunley
Consumer,Rose O'Brian
Consumer,Maribeth Dona
Corporate,Maribeth Yedwab
Consumer,Christopher Martinez
Consumer,Lynn Smith
Consumer,Bradley Nguyen
Consumer,Dean Braden
Corporate,Matt Connell
Consumer,Brian Dahlen
Home Office,Patricia Hirasaki
Consumer,Mike Gockenbach
Corporate,Karen Bern
Consumer,Jasper Cacioppo
Consumer,Rob Lucas
Consumer,Allen Armold
Consumer,Emily Phan
Consumer,Darren Koutras
Consumer,Bradley Drucker
Consumer,Liz MacKendrick
Home Office,Adrian Shami
Consumer,Bill Donatelli
Consumer,Greg Tran
Consumer,Ashley Jarboe
Consumer,Olvera Toch
Consumer,Liz Pelletier
Consumer,Cynthia Arntzen
Consumer,Jeremy Farry
Consumer,Frank Preis
Corporate,Ellis Ballard
Consumer,Jennifer Ferguson
Consumer,Sarah Foster
Consumer,Trudy Glocke
Consumer,Carlos Soltero
Consumer,Charles Crestani
Consumer,Dianna Vittorini
Consumer,Bruce Degenhardt
Consumer,Zuschuss Carroll
Consumer,Melanie Seite
Consumer,Lena Radford
Consumer,Theone Pippenger
Consumer,Chloris Kastensmidt
Consumer,Alan Shonely
Consumer,Andrew Roberts
Corporate,Nona Balk
Corporate,Giulietta Dortch
Consumer,Clytie Kelty
Corporate,Nat Gilpin
Consumer,Christina Anderson
Corporate,Sylvia Foulston
Home Office,Meg O'Connel
Consumer,Annie Thurman
Consumer,Fred McMath
Corporate,Denny Joy
Consumer,Max Engle
Corporate,Justin Deggeller
Consumer,John Lee
Consumer,Sean Christensen
Home Office,Chuck Clark
Corporate,Anthony Rawles
Home Office,Steven Roelle
Consumer,Craig Reiter
Home Office,Eugene Hildebrand
Corporate,Sibella Parks
Corporate,Tiffany House
Consumer,Resi Pölking
Consumer,Rob Beeghly
Consumer,Carol Darley
Consumer,Doug Jacobs
Corporate,Grant Thornton
Consumer,Michael Chen
Consumer,Ralph Arnett
Consumer,Naresj Patel
Consumer,Alan Barnes
Home Office,Jesus Ocampo
Consumer,Jay Kimmel
Corporate,Brad Norvell
Consumer,David Philippe
Home Office,Tracy Hopkins
Consumer,Arthur Prichep
Corporate,Roland Schwarz
Consumer,Seth Vernon
Home Office,Christine Kargatis
Home Office,Ross DeVincentis
Home Office,Mathew Reese
Corporate,Steve Chapman
Consumer,Jay Fein
Consumer,Emily Grady
Home Office,Darrin Sayre
Home Office,Phillina Ober
Consumer,Sung Shariari
Consumer,Peter Bühler
Consumer,Roland Fjeld
Corporate,Yoseph Carroll
Consumer,Debra Catini
Corporate,Christine Phan
Corporate,Barry Französisch
Consumer,Lisa Hazard
Corporate,Chris Selesnick
Corporate,Anthony Johnson
Corporate,Benjamin Venier
Consumer,Dan Lawera
Consumer,Bryan Mills
Consumer,Liz Thompson
Consumer,Joe Kamberova
Consumer,Erica Smith
Consumer,Rick Hansen
Consumer,Carlos Daly
Corporate,Helen Wasserman
Corporate,Mike Caudle
Consumer,Gary McGarr
Consumer,Pauline Johnson
Corporate,Bart Watters
Consumer,Toby Ritter
Consumer,Patrick Gardner
Home Office,James Lanier
Corporate,Brian Moss
Corporate,Eudokia Martin
Consumer,Art Foster
Consumer,Guy Armstrong
Corporate,Cyma Kinney
Corporate,Dave Poirier
Consumer,Berenike Kampe
Home Office,Sanjit Jacobs
Consumer,Chuck Magee
Corporate,Anthony Jacobs
Corporate,Linda Southworth
Corporate,Guy Phonely
Home Office,Paul Knutson
Consumer,Sally Matthias
Home Office,Anthony Garverick
Home Office,Peter McVee
Consumer,Lauren Leatherbury
Corporate,Jill Stevenson
Home Office,Ed Ludwig
Corporate,Pamela Coakley
Consumer,Hunter Lopez
Consumer,Maribeth Schnelling
Corporate,George Bell
Corporate,Justin Ritter
Home Office,Bill Eplett
Home Office,Sample Company A
Corporate,Rob Williams
Consumer,Sanjit Engle
Corporate,Adam Hart
Consumer,Jessica Myrick
Home Office,Joel Jenkins
Consumer,Ralph Kennedy
Home Office,Catherine Glotzbach
Corporate,Rachel Payne
Corporate,Karen Carlisle
Consumer,Katherine Hughes
Consumer,Greg Hansen
Consumer,Scott Williamson
Consumer,Joseph Airdo
Consumer,Daniel Lacy
Corporate,Lindsay Williams
Home Office,Thomas Brumley
Home Office,Bryan Spruell
Consumer,Robert Waldorf
Consumer,Tracy Zic
Home Office,Ann Steele
Consumer,Toby Swindell
Home Office,Sara Luxemburg
Corporate,Mitch Willingham
Consumer,Rob Dowd
Consumer,Ryan Akin
Consumer,Meg Tillman
Consumer,Vivek Gonzalez
Consumer,John Stevenson
Corporate,Kalyca Meade
Home Office,Hallie Redmond
Home Office,Deanra Eno
Consumer,Allen Goldenen
Consumer,Jennifer Jackson
Consumer,Jennifer Halladay
Home Office,Robert Dilbeck
Consumer,Mary O'Rourke
Corporate,Noel Staavos
Corporate,Deirdre Greer
Home Office,Nicole Fjeld
Home Office,Matthew Grinstein
Corporate,Theresa Swint
Consumer,Brian DeCherney
Consumer,Charles McCrossin
Home Office,Skye Norling
Home Office,Erica Hernandez
Consumer,Frank Olsen
Consumer,Maurice Satty
Home Office,Chad Cunningham
Consumer,Don Weiss
Corporate,Bill Tyler
Corporate,Craig Yedwab
Home Office,Brad Thomas
Home Office,Penelope Sewall
Home Office,Paul Van Hugh
Consumer,Neoma Murray
Corporate,Dionis Lloyd
Consumer,Christine Sundaresam
Corporate,Frank Hawley
Consumer,Nat Carroll
Consumer,Alex Avila
Consumer,Larry Tron
Home Office,Anne Pryor
Consumer,Paul MacIntyre
Home Office,Alyssa Tate
Home Office,Cathy Armstrong
Corporate,Harold Ryan
Home Office,Bradley Talbott
Consumer,Larry Hughes
Corporate,Steven Ward
Corporate,Stefania Perrino
Home Office,Ben Ferrer
Consumer,Kean Thornton
Corporate,Brooke Gillingham
Consumer,Greg Matthias
Consumer,Eva Jacobs
Consumer,Nora Preis
Home Office,Mick Hernandez
Consumer,Jocasta Rupert
Corporate,Suzanne McNair
Consumer,Chris Cortes
Consumer,Phillip Flathmann
Consumer,Dan Campbell
Consumer,Bryan Davis
Consumer,Gene McClure
Corporate,Todd Boyes
Consumer,Justin Hirsh
Corporate,Erica Bern
Corporate,Quincy Jones
Home Office,Tracy Collins
Consumer,Chuck Sachs
Corporate,Henry Goldwyn
Corporate,Laurel Workman
Consumer,Matt Collins
Consumer,Liz Preis
Consumer,Evan Bailliet
Corporate,George Zrebassa
Corporate,Cathy Prescott
Home Office,Frank Gastineau
Consumer,Lisa DeCherney
Home Office,Alejandro Ballentine
Consumer,Michael Nguyen
Consumer,Jim Radford
Consumer,Jamie Frazer
Consumer,Chad McGuire
Corporate,Aaron Smayling
Consumer,Beth Paige
Consumer,Natalie DeCherney
Consumer,Larry Blacks
Consumer,Kean Takahito
Corporate,Harry Marie
Corporate,Ann Blume
Home Office,Sam Zeldin
Home Office,Michael Granlund
Home Office,Julie Kriz
Home Office,Paul Prost
Corporate,Yana Sorensen
Home Office,Katherine Murray
Consumer,Adrian Barton
Consumer,Helen Abelman
Home Office,Beth Thompson
Corporate,Stuart Van
Corporate,Rick Wilson
Corporate,Damala Kotsonis
Consumer,Shui Tom
Consumer,Michael Moore
Corporate,Pauline Webber
Corporate,Shaun Chance
Consumer,Thais Sissman
Corporate,Mark Cousins
Home Office,Maria Etezadi
Corporate,Nicole Hansen
Consumer,Mick Brown
Corporate,Keith Dawkins
Corporate,Katherine Nockton
Home Office,Nora Pelletier
Consumer,Cindy Stewart
Consumer,Maxwell Schwartz
Home Office,Corinna Mitchell
Consumer,Corey-Lock
Corporate,Todd Sumrall
Corporate,Jane Waco
Consumer,John Dryer
Home Office,Pauline Chand
Consumer,Andy Reiter
Consumer,Arianne Irving
Consumer,Tom Boeckenhauer
Home Office,Paul Lucas
Consumer,Gary Hwang
Home Office,Mike Pelletier
Corporate,Jim Mitchum
Consumer,Carl Ludwig
Home Office,Deborah Brumfield
Consumer,Ivan Gibson
Consumer,Bobby Odegard
Consumer,Aimee Bixby
Consumer,Julia West
Corporate,Edward Becker
Consumer,Sheri Gordon
Consumer,Charlotte Melton
Consumer,Anthony Witt
Consumer,Mick Crebagga
Home Office,Tonja Turnell
Corporate,Vivek Grady
Corporate,Muhammed Yedwab
Consumer,Rick Duston
Home Office,Dennis Pardue
Corporate,Marina Lichtenstein
Consumer,Jenna Caffey
Consumer,James Galang
Consumer,Marc Crier
Consumer,Natalie Webber
Consumer,Toby Braunhardt
Corporate,Bill Stewart
Corporate,Hilary Holden
Consumer,Christina DeMoss
Consumer,Thea Hendricks
Consumer,Michelle Moray
Consumer,Neola Schneider
Corporate,Robert Barroso
Consumer,Shaun Weien
Consumer,Eric Barreto
Consumer,Pamela Stobb
Consumer,Herbert Flentye
Consumer,Henia Zydlo
Home Office,Cynthia Delaney
Consumer,Jamie Kunitz
Corporate,Filia McAdams
Home Office,Emily Ducich
Home Office,Dianna Arnett
Consumer,Joni Wasserman
Consumer,Raymond Messe
Home Office,Max Ludwig
Consumer,Craig Carroll
Corporate,Jim Epp
Corporate,Roy Phan
Corporate,Thomas Boland
Home Office,Brad Eason
Consumer,Jill Fjeld
Corporate,Phillip Breyer
Consumer,Brian Thompson
Consumer,Janet Lee
Home Office,Cathy Hwang
Corporate,Neil Ducich
Corporate,Barbara Fisher
Corporate,Katharine Harms
Consumer,Giulietta Weimer
Corporate,Noah Childs
Corporate,Michelle Ellison
Consumer,Benjamin Patterson
Consumer,John Castell
Consumer,Adam Shillingsburg
Consumer,Amy Cox
Corporate,Michael Dominguez
Consumer,Duane Benoit
Consumer,Erica Hackney
Corporate,Edward Hooks
Corporate,Scot Coram
Consumer,Joe Elijah
Corporate,Ann Chong
Consumer,Joy Daniels
Consumer,Christy Brittain
Consumer,Joy Smith
Consumer,Luke Weiss
Consumer,Stuart Calhoun
Consumer,Anne McFarland
Home Office,Rick Huthwaite
Consumer,Carol Triggs
Corporate,Matt Collister
Corporate,Corey Catlett
Consumer,Kelly Andreada
Corporate,Tamara Chand
Consumer,Bart Folk
Consumer,Magdelene Morse
Home Office,Adrian Hane
Consumer,Ben Wallace
Consumer,Scot Wooten
Consumer,Brian Stugart
Corporate,Randy Ferguson
Consumer,William Brown
Consumer,Trudy Brown
Consumer,Art Ferguson
Consumer,Richard Bierner
Home Office,Karen Ferguson
Consumer,John Huston
Consumer,Ivan Liston
Home Office,Patrick Bzostek
Consumer,Rob Haberlin
Home Office,Arthur Wiediger
Consumer,Maris LaWare
Corporate,Dorothy Badders
Corporate,Matt Hagelstein
Consumer,Dennis Kane
Consumer,Bobby Trafton
Consumer,Denny Blanton
Consumer,Toby Gnade
Home Office,Barry Franz
Consumer,Justin MacKendrick
Home Office,Maria Zettner
Consumer,Mitch Webber
Consumer,Mark Van Huff
Home Office,Sean Miller
Consumer,Tom Prescott
Consumer,Jim Karlsson
Corporate,Patrick Jones
Corporate,Ricardo Sperren
Consumer,Susan Vittorini
Home Office,Becky Castell
Corporate,Elizabeth Moffitt
Corporate,Brendan Murry
Home Office,Kristina Nunn
Consumer,Kelly Williams
Corporate,Scott Cohen
Consumer,Christina VanderZanden
Consumer,Speros Goranitis
Consumer,Tamara Manning
Corporate,Eleni McCrary
Corporate,Michelle Lonsdale
Home Office,Clay Rozendal
Consumer,Annie Zypern
Consumer,Pierre Wener
Consumer,Shahid Collister
Consumer,Carlos Meador
Corporate,Greg Maxwell
Consumer,Tim Brockman
Consumer,John Murray
Consumer,Sonia Cooley
Corporate,Luke Schmidt
Consumer,Ralph Ritter
Home Office,Daniel Byrd
Consumer,Thomas Thornton
Corporate,Lori Olson
Corporate,Ken Dana
Corporate,Nicole Brennan
Consumer,Brian Derr
Consumer,Chris McAfee
Consumer,Edward Nazzal
Corporate,Kean Nguyen
Corporate,Bill Overfelt
Corporate,Aleksandra Gannaway
Corporate,Matthew Clasen
Home Office,Tom Ashbrook
Consumer,Jason Fortune-
Corporate,Tim Taslimi
Consumer,Sarah Bern
Home Office,Craig Leslie
Consumer,Hunter Glantz
Home Office,Nancy Lomonaco
Corporate,Rick Reed
Consumer,Toby Carlisle
Consumer,Stewart Visinsky
Consumer,Bobby Elias
Home Office,Steve Carroll
Consumer,David Flashing
Consumer,Fred Harton
Consumer,MaryBeth Skach
Consumer,Ritsa Hightower
Consumer,George Ashbrook
Home Office,Julie Prescott
Home Office,Dean percer
Consumer,Michael Oakman
Consumer,Denise Leinenbach
Consumer,Michelle Huthwaite
Home Office,Daniel Raglin
Consumer,Darrin Martin
Corporate,Carol Adams
Consumer,Anna Chung
Corporate,Denise Monton
Home Office,Vicky Freymann
Consumer,Christopher Conant
Corporate,Beth Fritzler
Consumer,Harry Greene
Consumer,Becky Pak
Home Office,Eugene Moren
Home Office,Michelle Arnett
Corporate,Andy Yotov
Consumer,Giulietta Baptist
Home Office,Julia Barnett
Home Office,Michael Grace
Home Office,Sharelle Roach
Consumer,Joy Bell-
Corporate,Dario Medina
Home Office,Tony Chapman
Home Office,Sean Wendt
Consumer,Richard Eichhorn
Home Office,Benjamin Farhat
Home Office,Katrina Bavinger
Corporate,Jason Gross
Consumer,Erin Creighton
Consumer,Eugene Barchas
Corporate,Jennifer Patt
Corporate,Cari Sayre
Home Office,Gary Hansen
Consumer,Pete Takahito
Consumer,Jack Lebron
Corporate,Aaron Hawkins
Consumer,Cindy Chapman
Corporate,David Wiener
Consumer,Sarah Jordon
Consumer,Bruce Geld
Home Office,Laurel Beltran
Corporate,Candace McMahon
Consumer,Evan Henry
Consumer,Tony Sayre
Consumer,Patrick Ryan
Consumer,Liz Carlisle
Corporate,Cindy Schnelling
Corporate,Dave Hallsten
Corporate,Jack O'Briant
Corporate,Anna Häberlin
Home Office,Heather Jas
Consumer,Mark Hamilton
Consumer,Russell D'Ascenzo
Consumer,Sam Craven
Home Office,Stephanie Ulpright
Corporate,Fred Chung
Consumer,Randy Bradley
Corporate,Nick Crebassa
Corporate,Darren Budd
Corporate,Maureen Fritzler
Consumer,Roland Murray
Consumer,Vivian Mathis
Consumer,Ed Jacobs
Consumer,Nathan Cano
Consumer,Lycoris Saunders
Corporate,Katrina Edelman
Home Office,Duane Huffman
Consumer,Peter Fuller
Home Office,Valerie Takahito
Consumer,Maureen Gnade
Consumer,Susan Pistek
Corporate,Charles Sheldon
Consumer,Dana Kaydos
Consumer,Khloe Miller
Consumer,Anna Andreadi
Consumer,Dorothy Dickinson
Consumer,Amy Hunt
Corporate,Tracy Poddar
Home Office,Eileen Kiefer
Home Office,Cyra Reiten
Corporate,Susan Gilcrest
Consumer,Angele Hood
Home Office,Neil Französisch
Corporate,Bill Shonely
Corporate,Stefanie Holloman
Consumer,Roger Demir
Consumer,Alex Grayson
Corporate,Georgia Rosenberg
Consumer,Vivek Sundaresam
Consumer,Tony Molinari
Corporate,Tom Stivers
Home Office,Dennis Bolton
Consumer,Nick Radford
Consumer,Cari Schnelling
Corporate,Monica Federle
Consumer,Liz Willingham
Corporate,Alex Russell
Corporate,Karen Seio
Consumer,Aaron Bergman
Corporate,Lisa Ryan
Consumer,Shahid Shariari
Consumer,Jill Matthias
Corporate,Jason Klamczynski
Corporate,Don Miller
Consumer,Muhammed Lee
Home Office,Marc Harrigan
Home Office,Frank Carlisle
Corporate,Thea Hudgings
Consumer,Juliana Krohn
Consumer,Sarah Brown
Consumer,Barry Gonzalez
Consumer,Barry Weirich
Corporate,Mitch Gastineau
Consumer,Doug O'Connell
Corporate,Barry Pond
Consumer,Trudy Schmidt
Home Office,Evan Minnotte
Corporate,Anthony O'Donnell
Corporate,Mark Haberlin
Home Office,Shirley Schmidt
Corporate,Lela Donovan
Corporate,Victoria Pisteka
Corporate,Theresa Coyne
Consumer,Ionia McGrath
Consumer,Anemone Ratner
Corporate,Craig Molinari
Corporate,Fred Wasserman
Home Office,Lindsay Castell
Corporate,Harold Engle
Home Office,Brendan Dodson
Home Office,Harold Dahlen
Corporate,Carl Jackson
Home Office,Roy Skaria
Consumer,Sung Chung
Consumer,Ricardo Emerson
Consumer,Susan MacKendrick
